insert into artist (id,name,country,start_year,end_year) values (1,'Opeth','Sweden',1990,null);
insert into album (id,name,year,length,artist_id) values (1,'Ghost Reveries',2005,4006,1);
insert into track (id,track_number,name,length,album_id) values (1,1,'Ghost of Perdition',629,1);
insert into track (id,track_number,name,length,album_id) values (2,2,'The Baying of the Hounds',641,1);
insert into track (id,track_number,name,length,album_id) values (3,3,'Beneath the Mire',477,1);
insert into track (id,track_number,name,length,album_id) values (4,4,'Atonement',388,1);
insert into track (id,track_number,name,length,album_id) values (5,5,'Reverie / Harlequin Forest',699,1);
insert into track (id,track_number,name,length,album_id) values (6,6,'Hours of Wealth',320,1);
insert into track (id,track_number,name,length,album_id) values (7,7,'The Grand Conjuration',621,1);
insert into track (id,track_number,name,length,album_id) values (8,8,'Isolation Years',231,1);
insert into album (id,name,year,length,artist_id) values (2,'Damnation',2003,2587,1);
insert into track (id,track_number,name,length,album_id) values (9,1,'Windowpane',464,2);
insert into track (id,track_number,name,length,album_id) values (10,2,'In My Time of Need',347,2);
insert into track (id,track_number,name,length,album_id) values (11,3,'Death Whispered a Lullaby',350,2);
insert into track (id,track_number,name,length,album_id) values (12,4,'Closure',316,2);
insert into track (id,track_number,name,length,album_id) values (13,5,'Hope Leaves',267,2);
insert into track (id,track_number,name,length,album_id) values (14,6,'To Rid the Disease',378,2);
insert into track (id,track_number,name,length,album_id) values (15,7,'Ending Credits',216,2);
insert into track (id,track_number,name,length,album_id) values (16,8,'Weakness',249,2);
insert into album (id,name,year,length,artist_id) values (3,'Deliverance',2002,3707,1);
insert into track (id,track_number,name,length,album_id) values (17,1,'Wreath',671,3);
insert into track (id,track_number,name,length,album_id) values (18,2,'Deliverance',817,3);
insert into track (id,track_number,name,length,album_id) values (19,3,'A Fair Judgement',621,3);
insert into track (id,track_number,name,length,album_id) values (20,4,'For Absent Friends',137,3);
insert into track (id,track_number,name,length,album_id) values (21,5,'Master''s Apprentices',630,3);
insert into track (id,track_number,name,length,album_id) values (22,6,'By the Pain I See in Others',831,3);
insert into album (id,name,year,length,artist_id) values (4,'Blackwater Park (20th Anniversary Edition)',2021,4036,1);
insert into track (id,track_number,name,length,album_id) values (23,1,'The Leper Affinity',623,4);
insert into track (id,track_number,name,length,album_id) values (24,2,'Bleak',556,4);
insert into track (id,track_number,name,length,album_id) values (25,3,'Harvest',361,4);
insert into track (id,track_number,name,length,album_id) values (26,4,'The Drapery Falls',654,4);
insert into track (id,track_number,name,length,album_id) values (27,5,'Dirge for November',474,4);
insert into track (id,track_number,name,length,album_id) values (28,6,'The Funeral Portrait',525,4);
insert into track (id,track_number,name,length,album_id) values (29,7,'Patterns in the Ivy',112,4);
insert into track (id,track_number,name,length,album_id) values (30,8,'Blackwater Park',731,4);
insert into album (id,name,year,length,artist_id) values (5,'Still Life (Remastered)',1999,3753,1);
insert into track (id,track_number,name,length,album_id) values (31,1,'The Moor (Remastered)',687,5);
insert into track (id,track_number,name,length,album_id) values (32,2,'Godhead''s Lament (Remastered)',588,5);
insert into track (id,track_number,name,length,album_id) values (33,3,'Benighted (Remastered)',300,5);
insert into track (id,track_number,name,length,album_id) values (34,4,'Moonlapse Vertigo (Remastered)',540,5);
insert into track (id,track_number,name,length,album_id) values (35,5,'Face Of Melinda (Remastered)',479,5);
insert into track (id,track_number,name,length,album_id) values (36,6,'Serenity Painted Death (Remastered)',554,5);
insert into track (id,track_number,name,length,album_id) values (37,7,'White Cluster (Remastered)',605,5);
insert into album (id,name,year,length,artist_id) values (6,'My Arms, Your Hearse',1998,0,1);
insert into track (id,track_number,name,length,album_id) values (38,1,'Prologue',59,6);
insert into track (id,track_number,name,length,album_id) values (39,2,'April Ethereal',522,6);
insert into track (id,track_number,name,length,album_id) values (40,3,'When',554,6);
insert into track (id,track_number,name,length,album_id) values (41,4,'Madrigal',86,6);
insert into track (id,track_number,name,length,album_id) values (42,5,'The Amen Corner',524,6);
insert into track (id,track_number,name,length,album_id) values (43,6,'Demon Of The Fall',373,6);
insert into track (id,track_number,name,length,album_id) values (44,7,'Credence',326,6);
insert into track (id,track_number,name,length,album_id) values (45,8,'Karma',470,6);
insert into track (id,track_number,name,length,album_id) values (46,9,'Epilogue',243,6);
insert into track (id,track_number,name,length,album_id) values (47,10,'Circle Of The Tyrant',312,6);
insert into track (id,track_number,name,length,album_id) values (48,11,'Remember Tomorrow',300,6);
insert into artist (id,name,country,start_year,end_year) values (2,'Sigur Rós','Iceland',1994,null);
insert into album (id,name,year,length,artist_id) values (7,'Takk...',2005,4046,2);
insert into track (id,track_number,name,length,album_id) values (49,1,'Takk...',116,7);
insert into track (id,track_number,name,length,album_id) values (50,2,'Glósóli',387,7);
insert into track (id,track_number,name,length,album_id) values (51,3,'Hoppípolla',270,7);
insert into track (id,track_number,name,length,album_id) values (52,4,'Með Blóðnasir',144,7);
insert into track (id,track_number,name,length,album_id) values (53,5,'Sé Lest',524,7);
insert into track (id,track_number,name,length,album_id) values (54,6,'Sæglópur',504,7);
insert into track (id,track_number,name,length,album_id) values (55,7,'Mílanó',638,7);
insert into track (id,track_number,name,length,album_id) values (56,8,'Gong',334,7);
insert into track (id,track_number,name,length,album_id) values (57,9,'Andvari',396,7);
insert into track (id,track_number,name,length,album_id) values (58,10,'Svo Hljótt',451,7);
insert into track (id,track_number,name,length,album_id) values (59,11,'Heysátan',282,7);
insert into album (id,name,year,length,artist_id) values (8,'( )',2002,4273,2);
insert into track (id,track_number,name,length,album_id) values (60,1,'Untitled #1 - Vaka',398,8);
insert into track (id,track_number,name,length,album_id) values (61,2,'Untitled #2 - Fyrsta',454,8);
insert into track (id,track_number,name,length,album_id) values (62,3,'Untitled #3 - Samskeyti',393,8);
insert into track (id,track_number,name,length,album_id) values (63,4,'Untitled #4 - Njósnavélin',417,8);
insert into track (id,track_number,name,length,album_id) values (64,5,'Untitled #5 - Álafoss',597,8);
insert into track (id,track_number,name,length,album_id) values (65,6,'Untitled #6 - E-Bow',529,8);
insert into track (id,track_number,name,length,album_id) values (66,7,'Untitled #7 - Dauðalagið',780,8);
insert into track (id,track_number,name,length,album_id) values (67,8,'Untitled #8 - Popplagið',705,8);
insert into album (id,name,year,length,artist_id) values (9,'Ágætis byrjun',1999,0,2);
insert into track (id,track_number,name,length,album_id) values (68,1,'Intro',96,9);
insert into track (id,track_number,name,length,album_id) values (69,2,'Svefn-g-englar',607,9);
insert into track (id,track_number,name,length,album_id) values (70,3,'Starálfur',407,9);
insert into track (id,track_number,name,length,album_id) values (71,4,'Flugufrelsarinn',468,9);
insert into track (id,track_number,name,length,album_id) values (72,5,'Ný batterí',491,9);
insert into track (id,track_number,name,length,album_id) values (73,6,'Hjartað hamast (bamm bamm bamm)',430,9);
insert into track (id,track_number,name,length,album_id) values (74,7,'Viðrar vel til loftárása',618,9);
insert into track (id,track_number,name,length,album_id) values (75,8,'Olsen olsen',483,9);
insert into track (id,track_number,name,length,album_id) values (76,9,'Ágætis byrjun',476,9);
insert into track (id,track_number,name,length,album_id) values (77,10,'Avalon',242,9);
insert into artist (id,name,country,start_year,end_year) values (3,'Venetian Snares','Canada',1992,null);
insert into album (id,name,year,length,artist_id) values (10,'Detrimentalist',2008,3097,3);
insert into track (id,track_number,name,length,album_id) values (78,1,'Gentleman',273,10);
insert into track (id,track_number,name,length,album_id) values (79,2,'Koonut-Kaliffee',295,10);
insert into track (id,track_number,name,length,album_id) values (80,3,'Sajtban',246,10);
insert into track (id,track_number,name,length,album_id) values (81,4,'Kyokushin',283,10);
insert into track (id,track_number,name,length,album_id) values (82,5,'Eurocore MVP',266,10);
insert into track (id,track_number,name,length,album_id) values (83,6,'Poo Yourself Jason',276,10);
insert into track (id,track_number,name,length,album_id) values (84,7,'Circle Pit',274,10);
insert into track (id,track_number,name,length,album_id) values (85,8,'Flashforward',389,10);
insert into track (id,track_number,name,length,album_id) values (86,9,'Bebikukorica Nigiri',217,10);
insert into track (id,track_number,name,length,album_id) values (87,10,'Miss Balaton',578,10);
insert into album (id,name,year,length,artist_id) values (11,'My Downfall (Original Soundtrack)',2007,2704,3);
insert into track (id,track_number,name,length,album_id) values (88,1,'Colorless',147,11);
insert into track (id,track_number,name,length,album_id) values (89,2,'The Hopeless Pursuit Of Remission',263,11);
insert into track (id,track_number,name,length,album_id) values (90,3,'Holló Utca 2',116,11);
insert into track (id,track_number,name,length,album_id) values (91,4,'Room 379',110,11);
insert into track (id,track_number,name,length,album_id) values (92,5,'Integraation',421,11);
insert into track (id,track_number,name,length,album_id) values (93,6,'Holló Utca 5',137,11);
insert into track (id,track_number,name,length,album_id) values (94,7,'Holló Utca 3',75,11);
insert into track (id,track_number,name,length,album_id) values (95,8,'My Half',424,11);
insert into track (id,track_number,name,length,album_id) values (96,9,'Holló Utca 4',102,11);
insert into track (id,track_number,name,length,album_id) values (97,10,'My Crutch',315,11);
insert into track (id,track_number,name,length,album_id) values (98,11,'I''m Sorry I Failed You',129,11);
insert into track (id,track_number,name,length,album_id) values (99,12,'Picturesque Pit',135,11);
insert into track (id,track_number,name,length,album_id) values (100,13,'If I Could Say I Love You',259,11);
insert into track (id,track_number,name,length,album_id) values (101,14,'Mentioning It',71,11);
insert into album (id,name,year,length,artist_id) values (12,'Cavalcade Of Glee & Dadaist Happy Hardcore Pom Poms',2006,2916,3);
insert into track (id,track_number,name,length,album_id) values (102,1,'Donut',279,12);
insert into track (id,track_number,name,length,album_id) values (103,2,'Swindon',327,12);
insert into track (id,track_number,name,length,album_id) values (104,3,'Pwintendo',260,12);
insert into track (id,track_number,name,length,album_id) values (105,4,'XII''s Dub',230,12);
insert into track (id,track_number,name,length,album_id) values (106,5,'Vache',304,12);
insert into track (id,track_number,name,length,album_id) values (107,6,'Plunging Hornets',309,12);
insert into track (id,track_number,name,length,album_id) values (108,7,'Twirl',269,12);
insert into track (id,track_number,name,length,album_id) values (109,8,'Tache',389,12);
insert into track (id,track_number,name,length,album_id) values (110,9,'P',132,12);
insert into track (id,track_number,name,length,album_id) values (111,10,'Cancel',417,12);
insert into album (id,name,year,length,artist_id) values (13,'Rossz Csillag Alatt Született',2005,2807,3);
insert into track (id,track_number,name,length,album_id) values (112,1,'Sikertelenség',41,13);
insert into track (id,track_number,name,length,album_id) values (113,2,'Szerencsétlen',296,13);
insert into track (id,track_number,name,length,album_id) values (114,3,'Öngyilkos Vasárnap',206,13);
insert into track (id,track_number,name,length,album_id) values (115,4,'Felbomlasztott Mentökocsi',225,13);
insert into track (id,track_number,name,length,album_id) values (116,5,'Hajnal',466,13);
insert into track (id,track_number,name,length,album_id) values (117,6,'Galamb Egyedúl',97,13);
insert into track (id,track_number,name,length,album_id) values (118,7,'Második Galamb',362,13);
insert into track (id,track_number,name,length,album_id) values (119,8,'Szamár Madár',349,13);
insert into track (id,track_number,name,length,album_id) values (120,9,'Hiszékeny',99,13);
insert into track (id,track_number,name,length,album_id) values (121,10,'Kétsarkú Mozgalom',530,13);
insert into track (id,track_number,name,length,album_id) values (122,11,'Senki Dala',136,13);
insert into album (id,name,year,length,artist_id) values (14,'Huge Chrome Cylinder Box Unfolding',2004,3791,3);
insert into track (id,track_number,name,length,album_id) values (123,1,'Huge Chrome Peach',268,14);
insert into track (id,track_number,name,length,album_id) values (124,2,'Bonivital',229,14);
insert into track (id,track_number,name,length,album_id) values (125,3,'Cadmium Lung Jacket',238,14);
insert into track (id,track_number,name,length,album_id) values (126,4,'Vida',256,14);
insert into track (id,track_number,name,length,album_id) values (127,5,'Coke Ajax',314,14);
insert into track (id,track_number,name,length,album_id) values (128,6,'Li2Co3',244,14);
insert into track (id,track_number,name,length,album_id) values (129,7,'Ion Divvy',293,14);
insert into track (id,track_number,name,length,album_id) values (130,8,'Keek',254,14);
insert into track (id,track_number,name,length,album_id) values (131,9,'Nineteen1319',248,14);
insert into track (id,track_number,name,length,album_id) values (132,10,'Destroy Glass Castles',425,14);
insert into track (id,track_number,name,length,album_id) values (133,11,'Chlorophyll',154,14);
insert into track (id,track_number,name,length,album_id) values (134,12,'Bent Annick',299,14);
insert into track (id,track_number,name,length,album_id) values (135,13,'Aaron',239,14);
insert into track (id,track_number,name,length,album_id) values (136,14,'Bezcitny',330,14);
insert into album (id,name,year,length,artist_id) values (15,'The Chocolate Wheelchair Album',2003,2952,3);
insert into track (id,track_number,name,length,album_id) values (137,1,'Abomination Street',263,15);
insert into track (id,track_number,name,length,album_id) values (138,2,'Too Young',183,15);
insert into track (id,track_number,name,length,album_id) values (139,3,'Langside',233,15);
insert into track (id,track_number,name,length,album_id) values (140,4,'Einstein-Rosen Bridge',216,15);
insert into track (id,track_number,name,length,album_id) values (141,5,'Hand Throw',303,15);
insert into track (id,track_number,name,length,album_id) values (142,6,'Epidermis',282,15);
insert into track (id,track_number,name,length,album_id) values (143,7,'Ghetto Body Buddy',287,15);
insert into track (id,track_number,name,length,album_id) values (144,8,'Sky Painted On Car',315,15);
insert into track (id,track_number,name,length,album_id) values (145,9,'Marty''s Tardis',557,15);
insert into track (id,track_number,name,length,album_id) values (146,10,'Herbie Goes Ballistic',313,15);
insert into album (id,name,year,length,artist_id) values (16,'Songs About My Cats',2001,0,3);
insert into track (id,track_number,name,length,album_id) values (147,1,'Chinaski',261,16);
insert into track (id,track_number,name,length,album_id) values (148,2,'Katzesorge Part 1',52,16);
insert into track (id,track_number,name,length,album_id) values (149,3,'Nepetalactone',268,16);
insert into track (id,track_number,name,length,album_id) values (150,4,'Poor Kakarookee',364,16);
insert into track (id,track_number,name,length,album_id) values (151,5,'For Bertha Rand',128,16);
insert into track (id,track_number,name,length,album_id) values (152,6,'Breakfast Time For Baboons',205,16);
insert into track (id,track_number,name,length,album_id) values (153,7,'Fluff Master',372,16);
insert into track (id,track_number,name,length,album_id) values (154,8,'Bobo',237,16);
insert into track (id,track_number,name,length,album_id) values (155,9,'Katzesorge Part 2',52,16);
insert into track (id,track_number,name,length,album_id) values (156,10,'Pouncelciot',190,16);
insert into track (id,track_number,name,length,album_id) values (157,11,'Kakenrooken Stivlobits',283,16);
insert into track (id,track_number,name,length,album_id) values (158,12,'Lioness',124,16);
insert into track (id,track_number,name,length,album_id) values (159,13,'Cleaning Each Other',232,16);
insert into track (id,track_number,name,length,album_id) values (160,14,'Look',32,16);
insert into artist (id,name,country,start_year,end_year) values (4,'Flying Lotus','USA',2005,null);
insert into album (id,name,year,length,artist_id) values (17,'You''re Dead!',2014,2292,4);
insert into track (id,track_number,name,length,album_id) values (161,1,'Theme',84,17);
insert into track (id,track_number,name,length,album_id) values (162,2,'Tesla',114,17);
insert into track (id,track_number,name,length,album_id) values (163,3,'Cold Dead',94,17);
insert into track (id,track_number,name,length,album_id) values (164,4,'Fkn Dead',40,17);
insert into track (id,track_number,name,length,album_id) values (165,5,'Never Catch Me',234,17);
insert into track (id,track_number,name,length,album_id) values (166,6,'Dead Man''s Tetris',146,17);
insert into track (id,track_number,name,length,album_id) values (167,7,'Turkey Dog Coma',190,17);
insert into track (id,track_number,name,length,album_id) values (168,8,'Stirring',31,17);
insert into track (id,track_number,name,length,album_id) values (169,9,'Coronus, the Terminator',160,17);
insert into track (id,track_number,name,length,album_id) values (170,10,'Siren Song',158,17);
insert into track (id,track_number,name,length,album_id) values (171,11,'Turtles',127,17);
insert into track (id,track_number,name,length,album_id) values (172,12,'Ready err Not',106,17);
insert into track (id,track_number,name,length,album_id) values (173,13,'Eyes Above',73,17);
insert into track (id,track_number,name,length,album_id) values (174,14,'Moment of Hesitation',138,17);
insert into track (id,track_number,name,length,album_id) values (175,15,'Descent Into Madness',87,17);
insert into track (id,track_number,name,length,album_id) values (176,16,'The Boys Who Died in Their Sleep',111,17);
insert into track (id,track_number,name,length,album_id) values (177,17,'Obligatory Cadence',176,17);
insert into track (id,track_number,name,length,album_id) values (178,18,'Your Potential//The Beyond',106,17);
insert into track (id,track_number,name,length,album_id) values (179,19,'The Protest',117,17);
insert into album (id,name,year,length,artist_id) values (18,'Until The Quiet Comes',2012,2808,4);
insert into track (id,track_number,name,length,album_id) values (180,1,'All In',179,18);
insert into track (id,track_number,name,length,album_id) values (181,2,'Getting There',109,18);
insert into track (id,track_number,name,length,album_id) values (182,3,'Until The Colours Come',67,18);
insert into track (id,track_number,name,length,album_id) values (183,4,'Heave(n)',142,18);
insert into track (id,track_number,name,length,album_id) values (184,5,'Tiny Tortures',184,18);
insert into track (id,track_number,name,length,album_id) values (185,6,'All The Secrets',117,18);
insert into track (id,track_number,name,length,album_id) values (186,7,'Sultan’s Request',102,18);
insert into track (id,track_number,name,length,album_id) values (187,8,'Putty Boy Strut',174,18);
insert into track (id,track_number,name,length,album_id) values (188,9,'See Thru To U',144,18);
insert into track (id,track_number,name,length,album_id) values (189,10,'Until The Quiet Comes',161,18);
insert into track (id,track_number,name,length,album_id) values (190,11,'DMT Song',79,18);
insert into track (id,track_number,name,length,album_id) values (191,12,'The Nightcaller',209,18);
insert into track (id,track_number,name,length,album_id) values (192,13,'Only If You Wanna',102,18);
insert into track (id,track_number,name,length,album_id) values (193,14,'Electric Candyman',212,18);
insert into track (id,track_number,name,length,album_id) values (194,15,'Hunger',220,18);
insert into track (id,track_number,name,length,album_id) values (195,16,'Phantasm',231,18);
insert into track (id,track_number,name,length,album_id) values (196,17,'me Yesterday//Corded',280,18);
insert into track (id,track_number,name,length,album_id) values (197,18,'Dream To Me',96,18);
insert into album (id,name,year,length,artist_id) values (19,'Cosmogramma',2010,2747,4);
insert into track (id,track_number,name,length,album_id) values (198,1,'Clock Catcher',73,19);
insert into track (id,track_number,name,length,album_id) values (199,2,'Pickled!',134,19);
insert into track (id,track_number,name,length,album_id) values (200,3,'Nose Art',118,19);
insert into track (id,track_number,name,length,album_id) values (201,4,'Intro//A Cosmic Drama',75,19);
insert into track (id,track_number,name,length,album_id) values (202,5,'Zodiac Shit',165,19);
insert into track (id,track_number,name,length,album_id) values (203,6,'Computer Face//Pure Being',153,19);
insert into track (id,track_number,name,length,album_id) values (204,7,'...And The World Laughs With You',175,19);
insert into track (id,track_number,name,length,album_id) values (205,8,'Arkestry',171,19);
insert into track (id,track_number,name,length,album_id) values (206,9,'MmmHmm',255,19);
insert into track (id,track_number,name,length,album_id) values (207,10,'Do The Astral Plane',238,19);
insert into track (id,track_number,name,length,album_id) values (208,11,'Satelllliiiiiiiteee',229,19);
insert into track (id,track_number,name,length,album_id) values (209,12,'German Haircut',117,19);
insert into track (id,track_number,name,length,album_id) values (210,13,'Recoiled',217,19);
insert into track (id,track_number,name,length,album_id) values (211,14,'Dance Of The Pseudo Nymph',167,19);
insert into track (id,track_number,name,length,album_id) values (212,15,'Drips//Auntie''s Harp',130,19);
insert into track (id,track_number,name,length,album_id) values (213,16,'Table Tennis',182,19);
insert into track (id,track_number,name,length,album_id) values (214,17,'Galaxy In Janaki',148,19);
insert into album (id,name,year,length,artist_id) values (20,'Los Angeles',2008,2606,4);
insert into track (id,track_number,name,length,album_id) values (215,1,'Brainfeeder',92,20);
insert into track (id,track_number,name,length,album_id) values (216,2,'Breathe . Something/Stellar STar',201,20);
insert into track (id,track_number,name,length,album_id) values (217,3,'Beginners Falafel',148,20);
insert into track (id,track_number,name,length,album_id) values (218,4,'Camel',143,20);
insert into track (id,track_number,name,length,album_id) values (219,5,'Melt!',105,20);
insert into track (id,track_number,name,length,album_id) values (220,6,'Comet Course',182,20);
insert into track (id,track_number,name,length,album_id) values (221,7,'Orbit 405',44,20);
insert into track (id,track_number,name,length,album_id) values (222,8,'Golden Diva',242,20);
insert into track (id,track_number,name,length,album_id) values (223,9,'Riot',242,20);
insert into track (id,track_number,name,length,album_id) values (224,10,'GNG BNG',219,20);
insert into track (id,track_number,name,length,album_id) values (225,11,'Parisian Goldfish',181,20);
insert into track (id,track_number,name,length,album_id) values (226,12,'Sleepy Dinosaur',115,20);
insert into track (id,track_number,name,length,album_id) values (227,13,'RobertaFlack',188,20);
insert into track (id,track_number,name,length,album_id) values (228,14,'SexSlaveShip',134,20);
insert into track (id,track_number,name,length,album_id) values (229,15,'Auntie''s Harp',56,20);
insert into track (id,track_number,name,length,album_id) values (230,16,'Testament',149,20);
insert into track (id,track_number,name,length,album_id) values (231,17,'Auntie''s Lock/Infinitum',165,20);
insert into album (id,name,year,length,artist_id) values (21,'Pattern+Grid World',2010,1123,4);
insert into track (id,track_number,name,length,album_id) values (232,1,'Clay',173,21);
insert into track (id,track_number,name,length,album_id) values (233,2,'Kill Your Co-Workers',184,21);
insert into track (id,track_number,name,length,album_id) values (234,3,'PieFace',154,21);
insert into track (id,track_number,name,length,album_id) values (235,4,'Time Vampires',144,21);
insert into track (id,track_number,name,length,album_id) values (236,5,'Jurassic Notion/M Theory',195,21);
insert into track (id,track_number,name,length,album_id) values (237,6,'Camera Day',143,21);
insert into track (id,track_number,name,length,album_id) values (238,7,'Physics For Everyone!',130,21);
insert into album (id,name,year,length,artist_id) values (22,'Reset EP',2007,0,4);
insert into track (id,track_number,name,length,album_id) values (239,1,'Tea Leaf Dancers',192,22);
insert into track (id,track_number,name,length,album_id) values (240,2,'Vegas Collie (feat. A sample from Natvralism’s Nanoloop)',138,22);
insert into track (id,track_number,name,length,album_id) values (241,3,'Massage Situation',167,22);
insert into track (id,track_number,name,length,album_id) values (242,4,'Spicy Sammich',255,22);
insert into track (id,track_number,name,length,album_id) values (243,5,'Bonus Beat',51,22);
insert into track (id,track_number,name,length,album_id) values (244,6,'Dance Floor Stalker',250,22);
insert into artist (id,name,country,start_year,end_year) values (5,'Godspeed You! Black Emperor','Canada',1994,null);
insert into album (id,name,year,length,artist_id) values (23,'Lift Your Skinny Fists Like Antennas to Heaven',2000,5244,5);
insert into track (id,track_number,name,length,album_id) values (245,1,'Storm',1352,23);
insert into track (id,track_number,name,length,album_id) values (246,2,'Static',1356,23);
insert into track (id,track_number,name,length,album_id) values (247,1,'Sleep',1398,23);
insert into track (id,track_number,name,length,album_id) values (248,2,'Like Antennas To Heaven…',1138,23);
insert into album (id,name,year,length,artist_id) values (24,'F♯ A♯ ∞',1997,3808,5);
insert into track (id,track_number,name,length,album_id) values (249,1,'The Dead Flag Blues',988,24);
insert into track (id,track_number,name,length,album_id) values (250,2,'East Hastings',1078,24);
insert into track (id,track_number,name,length,album_id) values (251,3,'Providence',1742,24);
insert into album (id,name,year,length,artist_id) values (25,'Slow Riot for New Zero Kanada',1998,1716,5);
insert into track (id,track_number,name,length,album_id) values (252,1,'Moya',652,25);
insert into track (id,track_number,name,length,album_id) values (253,2,'Blaise Bailey Finnegan III',1065,25);
insert into artist (id,name,country,start_year,end_year) values (6,'65daysofstatic','United Kingdom',2001,null);
insert into album (id,name,year,length,artist_id) values (26,'No Man''s Sky: Music For An Infinite Universe',2016,6658,6);
insert into track (id,track_number,name,length,album_id) values (254,1,'Monolith',378,26);
insert into track (id,track_number,name,length,album_id) values (255,2,'Supermoon',262,26);
insert into track (id,track_number,name,length,album_id) values (256,3,'Asimov',352,26);
insert into track (id,track_number,name,length,album_id) values (257,4,'Heliosphere',263,26);
insert into track (id,track_number,name,length,album_id) values (258,5,'Blueprint For A Slow Machine',354,26);
insert into track (id,track_number,name,length,album_id) values (259,6,'Pillars Of Frost',177,26);
insert into track (id,track_number,name,length,album_id) values (260,7,'Escape Velocity',175,26);
insert into track (id,track_number,name,length,album_id) values (261,8,'Red Parallax',287,26);
insert into track (id,track_number,name,length,album_id) values (262,9,'Hypersleep',173,26);
insert into track (id,track_number,name,length,album_id) values (263,10,'End Of The World Sun',446,26);
insert into track (id,track_number,name,length,album_id) values (264,1,'NMS_exteriorAtmos1/False Suns',569,26);
insert into track (id,track_number,name,length,album_id) values (265,2,'Tomorrow/Lull/Celestial Feedback',654,26);
insert into track (id,track_number,name,length,album_id) values (266,3,'Departure/Shortwave/Noisetest',710,26);
insert into track (id,track_number,name,length,album_id) values (267,4,'TemporalDissent/ascension_test1/koaecax',607,26);
insert into track (id,track_number,name,length,album_id) values (268,5,'Borealis/Contrastellar',532,26);
insert into track (id,track_number,name,length,album_id) values (269,6,'Outlier/EOTWS_Variation1',719,26);
insert into album (id,name,year,length,artist_id) values (27,'Wild Light',2013,3023,6);
insert into track (id,track_number,name,length,album_id) values (270,1,'Heat Death Infinity Splitter',307,27);
insert into track (id,track_number,name,length,album_id) values (271,2,'Prisms',358,27);
insert into track (id,track_number,name,length,album_id) values (272,3,'The Undertow',392,27);
insert into track (id,track_number,name,length,album_id) values (273,4,'Blackspots',450,27);
insert into track (id,track_number,name,length,album_id) values (274,5,'Sleepwalk City',414,27);
insert into track (id,track_number,name,length,album_id) values (275,6,'Taipei',360,27);
insert into track (id,track_number,name,length,album_id) values (276,7,'Unmake the Wild Light',384,27);
insert into track (id,track_number,name,length,album_id) values (277,8,'Safe Passage',358,27);
insert into album (id,name,year,length,artist_id) values (28,'We Were Exploding Anyway',2010,3071,6);
insert into track (id,track_number,name,length,album_id) values (278,1,'Mountainhead',333,28);
insert into track (id,track_number,name,length,album_id) values (279,2,'Crash Tactics',228,28);
insert into track (id,track_number,name,length,album_id) values (280,3,'Dance Dance Dance',242,28);
insert into track (id,track_number,name,length,album_id) values (281,4,'Piano Fights',231,28);
insert into track (id,track_number,name,length,album_id) values (282,5,'Weak4',234,28);
insert into track (id,track_number,name,length,album_id) values (283,6,'Come to Me',480,28);
insert into track (id,track_number,name,length,album_id) values (284,7,'Go Complex',245,28);
insert into track (id,track_number,name,length,album_id) values (285,8,'Debutante',441,28);
insert into track (id,track_number,name,length,album_id) values (286,9,'Tiger Girl',637,28);
insert into album (id,name,year,length,artist_id) values (29,'The Distant And Mechanised Glow Of Eastern European Dance Parties',2008,1044,6);
insert into track (id,track_number,name,length,album_id) values (287,1,'Dance Parties [Distant]',253,29);
insert into track (id,track_number,name,length,album_id) values (288,2,'Dance Parties [Mechanised]',179,29);
insert into track (id,track_number,name,length,album_id) values (289,3,'Goodbye, 2007',215,29);
insert into track (id,track_number,name,length,album_id) values (290,4,'Antique Hyper Mall',397,29);
insert into album (id,name,year,length,artist_id) values (30,'One Time for All Time',2006,2229,6);
insert into track (id,track_number,name,length,album_id) values (291,1,'Drove Through Ghosts to Get Here',259,30);
insert into track (id,track_number,name,length,album_id) values (292,2,'Await Rescue',285,30);
insert into track (id,track_number,name,length,album_id) values (293,3,'23kid',272,30);
insert into track (id,track_number,name,length,album_id) values (294,4,'Welcome to the Times',234,30);
insert into track (id,track_number,name,length,album_id) values (295,5,'Mean Low Water',241,30);
insert into track (id,track_number,name,length,album_id) values (296,6,'Climbing on Roofs (desperate edit)',147,30);
insert into track (id,track_number,name,length,album_id) values (297,7,'The Big Afraid',128,30);
insert into track (id,track_number,name,length,album_id) values (298,8,'65 Doesn''t Understand You',337,30);
insert into track (id,track_number,name,length,album_id) values (299,9,'Radio Protector',326,30);
insert into album (id,name,year,length,artist_id) values (31,'The Fall of Math',2004,0,6);
insert into track (id,track_number,name,length,album_id) values (300,1,'Another Code Against the Gone',100,31);
insert into track (id,track_number,name,length,album_id) values (301,2,'Install a Beak In the Heart That Clucks Time In Arabic',296,31);
insert into track (id,track_number,name,length,album_id) values (302,3,'Retreat! Retreat!',250,31);
insert into track (id,track_number,name,length,album_id) values (303,4,'Default This',103,31);
insert into track (id,track_number,name,length,album_id) values (304,5,'I Swallowed Hard, Like I Understood',328,31);
insert into track (id,track_number,name,length,album_id) values (305,6,'The Fall of Math',239,31);
insert into track (id,track_number,name,length,album_id) values (306,7,'This Cat Is a Landmine',285,31);
insert into track (id,track_number,name,length,album_id) values (307,8,'The Last Home Recording',133,31);
insert into track (id,track_number,name,length,album_id) values (308,9,'Hole',274,31);
insert into track (id,track_number,name,length,album_id) values (309,10,'Fix the Sky a Little',330,31);
insert into track (id,track_number,name,length,album_id) values (310,11,'Aren''t We All Running?',292,31);
insert into artist (id,name,country,start_year,end_year) values (7,'Boris','Japan',1992,null);
insert into album (id,name,year,length,artist_id) values (32,'Smile',2008,3416,7);
insert into track (id,track_number,name,length,album_id) values (311,1,'Flower Sun Rain',446,32);
insert into track (id,track_number,name,length,album_id) values (312,2,'Buzz-In',177,32);
insert into track (id,track_number,name,length,album_id) values (313,3,'Laser Beam',270,32);
insert into track (id,track_number,name,length,album_id) values (314,4,'Statement',204,32);
insert into track (id,track_number,name,length,album_id) values (315,5,'My Neighbor Satan',318,32);
insert into track (id,track_number,name,length,album_id) values (316,6,'Ka Re Ha Te Ta Sa Ki -No Ones Grieve-',538,32);
insert into track (id,track_number,name,length,album_id) values (317,7,'You Were Holding An Umbrella',534,32);
insert into track (id,track_number,name,length,album_id) values (318,8,'Untitled',929,32);
insert into album (id,name,year,length,artist_id) values (33,'Pink',2006,2842,7);
insert into track (id,track_number,name,length,album_id) values (319,1,'Farewell',453,33);
insert into track (id,track_number,name,length,album_id) values (320,2,'Pink',260,33);
insert into track (id,track_number,name,length,album_id) values (321,3,'Woman on the Screen',159,33);
insert into track (id,track_number,name,length,album_id) values (322,4,'Nothing Special',136,33);
insert into track (id,track_number,name,length,album_id) values (323,5,'Blackout',290,33);
insert into track (id,track_number,name,length,album_id) values (324,6,'Electric',105,33);
insert into track (id,track_number,name,length,album_id) values (325,7,'Pseudo Bread',270,33);
insert into track (id,track_number,name,length,album_id) values (326,8,'Afterburner',262,33);
insert into track (id,track_number,name,length,album_id) values (327,9,'Six, Three Times',173,33);
insert into track (id,track_number,name,length,album_id) values (328,10,'My Machine',119,33);
insert into track (id,track_number,name,length,album_id) values (329,11,'Just Abandoned Myself',615,33);
insert into album (id,name,year,length,artist_id) values (34,'Boris at Last - Feedbacker',2003,2628,7);
insert into track (id,track_number,name,length,album_id) values (330,1,'Feedbacker, Pt. 1',578,34);
insert into track (id,track_number,name,length,album_id) values (331,2,'Feedbacker, Pt. 2',894,34);
insert into track (id,track_number,name,length,album_id) values (332,3,'Feedbacker, Pt. 3',352,34);
insert into track (id,track_number,name,length,album_id) values (333,4,'Feedbacker, Pt. 4',592,34);
insert into track (id,track_number,name,length,album_id) values (334,5,'Feedbacker, Pt. 5',212,34);
insert into album (id,name,year,length,artist_id) values (35,'Akuma No Uta',2003,2347,7);
insert into track (id,track_number,name,length,album_id) values (335,1,'Introduction',581,35);
insert into track (id,track_number,name,length,album_id) values (336,2,'Ibitsu',202,35);
insert into track (id,track_number,name,length,album_id) values (337,3,'Furi',200,35);
insert into track (id,track_number,name,length,album_id) values (338,4,'Naki Kyoku',734,35);
insert into track (id,track_number,name,length,album_id) values (339,5,'Ano Onna No Onryou',389,35);
insert into track (id,track_number,name,length,album_id) values (340,6,'Akuma No Uta',241,35);
insert into album (id,name,year,length,artist_id) values (36,'Amplifier Worship',1998,3836,7);
insert into track (id,track_number,name,length,album_id) values (341,1,'Huge',555,36);
insert into track (id,track_number,name,length,album_id) values (342,2,'Ganbouki',944,36);
insert into track (id,track_number,name,length,album_id) values (343,3,'Hama',451,36);
insert into track (id,track_number,name,length,album_id) values (344,4,'Kuruimizu',867,36);
insert into track (id,track_number,name,length,album_id) values (345,5,'Vomitself',1019,36);
insert into album (id,name,year,length,artist_id) values (37,'Absolutego',1996,0,7);
insert into track (id,track_number,name,length,album_id) values (346,1,'Absolutego',3623,37);
insert into track (id,track_number,name,length,album_id) values (347,2,'Dronevil 2',473,37);
insert into artist (id,name,country,start_year,end_year) values (8,'Mr. Bungle','USA',1985,null);
insert into album (id,name,year,length,artist_id) values (38,'California',1999,2655,8);
insert into track (id,track_number,name,length,album_id) values (348,1,'Sweet Charity',306,38);
insert into track (id,track_number,name,length,album_id) values (349,2,'None of Them Knew They Were Robots',364,38);
insert into track (id,track_number,name,length,album_id) values (350,3,'Retrovertigo',299,38);
insert into track (id,track_number,name,length,album_id) values (351,4,'The Air-Conditioned Nightmare',234,38);
insert into track (id,track_number,name,length,album_id) values (352,5,'Ars Moriendi',250,38);
insert into track (id,track_number,name,length,album_id) values (353,6,'Pink Cigarette',296,38);
insert into track (id,track_number,name,length,album_id) values (354,7,'Golem II: The Bionic Vapour Boy',214,38);
insert into track (id,track_number,name,length,album_id) values (355,8,'The Holy Filament',244,38);
insert into track (id,track_number,name,length,album_id) values (356,9,'Vanity Fair',178,38);
insert into track (id,track_number,name,length,album_id) values (357,10,'Goodbye Sober Day',270,38);
insert into album (id,name,year,length,artist_id) values (39,'Disco Volante',1995,4127,8);
insert into track (id,track_number,name,length,album_id) values (358,1,'Everyone I Went to High School with Is Dead',165,39);
insert into track (id,track_number,name,length,album_id) values (359,2,'Chemical Marriage',190,39);
insert into track (id,track_number,name,length,album_id) values (360,3,'Carry Stress in the Jaw',540,39);
insert into track (id,track_number,name,length,album_id) values (361,4,'Desert Search for Techno Allah',324,39);
insert into track (id,track_number,name,length,album_id) values (362,5,'Violenza Domestica',314,39);
insert into track (id,track_number,name,length,album_id) values (363,6,'After School Special',168,39);
insert into track (id,track_number,name,length,album_id) values (364,7,'Phlegmatics',197,39);
insert into track (id,track_number,name,length,album_id) values (365,8,'Ma Meeshka Mow Skwoz',367,39);
insert into track (id,track_number,name,length,album_id) values (366,9,'The Bends',629,39);
insert into track (id,track_number,name,length,album_id) values (367,10,'Backstrokin''',148,39);
insert into track (id,track_number,name,length,album_id) values (368,11,'Platypus',307,39);
insert into track (id,track_number,name,length,album_id) values (369,12,'Merry Go Bye Bye (With Hidden Track "Noises")',778,39);
insert into album (id,name,year,length,artist_id) values (40,'Mr. Bungle',1991,0,8);
insert into track (id,track_number,name,length,album_id) values (370,1,'Quote Unquote',417,40);
insert into track (id,track_number,name,length,album_id) values (371,2,'Slowly Growing Deaf',419,40);
insert into track (id,track_number,name,length,album_id) values (372,3,'Squeeze Me Macaroni',338,40);
insert into track (id,track_number,name,length,album_id) values (373,4,'Carousel',314,40);
insert into track (id,track_number,name,length,album_id) values (374,5,'Egg',640,40);
insert into track (id,track_number,name,length,album_id) values (375,6,'Stubb - A Dub',440,40);
insert into track (id,track_number,name,length,album_id) values (376,7,'My Ass Is on Fire',467,40);
insert into track (id,track_number,name,length,album_id) values (377,8,'The Girls of Porn',402,40);
insert into track (id,track_number,name,length,album_id) values (378,9,'Love Is a Fist',361,40);
insert into track (id,track_number,name,length,album_id) values (379,10,'Dead Goon',602,40);
insert into artist (id,name,country,start_year,end_year) values (9,'John Coltrane','USA',1945,1967);
insert into album (id,name,year,length,artist_id) values (41,'Interstellar Space (Expanded Edition)',1974,3252,9);
insert into track (id,track_number,name,length,album_id) values (380,1,'Mars',644,41);
insert into track (id,track_number,name,length,album_id) values (381,2,'Venus',517,41);
insert into track (id,track_number,name,length,album_id) values (382,3,'Jupiter',326,41);
insert into track (id,track_number,name,length,album_id) values (383,4,'Saturn',704,41);
insert into track (id,track_number,name,length,album_id) values (384,5,'Leo',657,41);
insert into track (id,track_number,name,length,album_id) values (385,6,'Jupiter Variation',404,41);
insert into album (id,name,year,length,artist_id) values (42,'Sun Ship',1971,2555,9);
insert into track (id,track_number,name,length,album_id) values (386,1,'Sun Ship',376,42);
insert into track (id,track_number,name,length,album_id) values (387,2,'Dearly Beloved',390,42);
insert into track (id,track_number,name,length,album_id) values (388,3,'Amen',500,42);
insert into track (id,track_number,name,length,album_id) values (389,4,'Attaining',685,42);
insert into track (id,track_number,name,length,album_id) values (390,5,'Ascent',604,42);
insert into album (id,name,year,length,artist_id) values (43,'Ascension',1966,4757,9);
insert into track (id,track_number,name,length,album_id) values (391,1,'Ascension - Edition I / Pt. 1',1140,43);
insert into track (id,track_number,name,length,album_id) values (392,2,'Ascension - Edition I / Pt. 2',1182,43);
insert into track (id,track_number,name,length,album_id) values (393,3,'Ascension - Edition II / Pt. 1',1137,43);
insert into track (id,track_number,name,length,album_id) values (394,4,'Ascension - Edition II / Pt. 2',1298,43);
insert into album (id,name,year,length,artist_id) values (44,'A Love Supreme',1965,1967,9);
insert into track (id,track_number,name,length,album_id) values (395,1,'A Love Supreme, Pt. I – Acknowledgement',463,44);
insert into track (id,track_number,name,length,album_id) values (396,2,'A Love Supreme, Pt. II - Resolution',438,44);
insert into track (id,track_number,name,length,album_id) values (397,3,'A Love Supreme, Pt. III - Pursuance',643,44);
insert into track (id,track_number,name,length,album_id) values (398,4,'A Love Supreme, Pt. IV - Psalm',423,44);
insert into album (id,name,year,length,artist_id) values (45,'Olé Coltrane (Deluxe Edition)',1962,2754,9);
insert into track (id,track_number,name,length,album_id) values (399,1,'Ole',1099,45);
insert into track (id,track_number,name,length,album_id) values (400,2,'Dahomey Dance',650,45);
insert into track (id,track_number,name,length,album_id) values (401,3,'Aisha',465,45);
insert into track (id,track_number,name,length,album_id) values (402,4,'To Her Ladyship - Original Untitled Ballad',540,45);
insert into album (id,name,year,length,artist_id) values (46,'My Favorite Things',1961,2449,9);
insert into track (id,track_number,name,length,album_id) values (403,1,'My Favorite Things',824,46);
insert into track (id,track_number,name,length,album_id) values (404,2,'Everytime We Say Goodbye',345,46);
insert into track (id,track_number,name,length,album_id) values (405,3,'Summertime',698,46);
insert into track (id,track_number,name,length,album_id) values (406,4,'But Not for Me',582,46);
insert into album (id,name,year,length,artist_id) values (47,'Giant Steps (60th Anniversary Super Deluxe Edition) [2020 Remaster]',2020,2252,9);
insert into track (id,track_number,name,length,album_id) values (407,1,'Giant Steps - 2020 Remaster',288,47);
insert into track (id,track_number,name,length,album_id) values (408,2,'Cousin Mary - 2020 Remaster',350,47);
insert into track (id,track_number,name,length,album_id) values (409,3,'Countdown - 2020 Remaster',146,47);
insert into track (id,track_number,name,length,album_id) values (410,4,'Spiral - 2020 Remaster',360,47);
insert into track (id,track_number,name,length,album_id) values (411,5,'Syeeda''s Song Flute - 2020 Remaster',426,47);
insert into track (id,track_number,name,length,album_id) values (412,6,'Naima - 2020 Remaster',265,47);
insert into track (id,track_number,name,length,album_id) values (413,7,'Mr. P.C. - 2020 Remaster',417,47);
insert into album (id,name,year,length,artist_id) values (48,'Blue Train (Expanded Edition)',1958,0,9);
insert into track (id,track_number,name,length,album_id) values (414,1,'Blue Train - Remastered 2003',644,48);
insert into track (id,track_number,name,length,album_id) values (415,2,'Moment''s Notice - Remastered',551,48);
insert into track (id,track_number,name,length,album_id) values (416,3,'Locomotion - Rudy Van Gelder Edition/2003 Digital Remaster/24-Bit Mastering',434,48);
insert into track (id,track_number,name,length,album_id) values (417,4,'I''m Old Fashioned - Remastered 2003/Rudy Van Gelder Edition',478,48);
insert into track (id,track_number,name,length,album_id) values (418,5,'Lazy Bird',427,48);
insert into track (id,track_number,name,length,album_id) values (419,6,'Blue Train - Alternate Take/Remastered 2003/Rudy Van Gelder Edition',598,48);
insert into track (id,track_number,name,length,album_id) values (420,7,'Lazy Bird - Alternate Take/Remastered 2003/Rudy Van Gelder Edition',433,48);
insert into artist (id,name,country,start_year,end_year) values (10,'Kendrick Lamar','USA',2004,null);
insert into album (id,name,year,length,artist_id) values (49,'To Pimp A Butterfly',2015,4740,10);
insert into track (id,track_number,name,length,album_id) values (421,1,'Wesley''s Theory',287,49);
insert into track (id,track_number,name,length,album_id) values (422,2,'For Free? - Interlude',131,49);
insert into track (id,track_number,name,length,album_id) values (423,3,'King Kunta',235,49);
insert into track (id,track_number,name,length,album_id) values (424,4,'Institutionalized',272,49);
insert into track (id,track_number,name,length,album_id) values (425,5,'These Walls',301,49);
insert into track (id,track_number,name,length,album_id) values (426,6,'u',268,49);
insert into track (id,track_number,name,length,album_id) values (427,7,'Alright',219,49);
insert into track (id,track_number,name,length,album_id) values (428,8,'For Sale? - Interlude',292,49);
insert into track (id,track_number,name,length,album_id) values (429,9,'Momma',283,49);
insert into track (id,track_number,name,length,album_id) values (430,10,'Hood Politics',293,49);
insert into track (id,track_number,name,length,album_id) values (431,11,'How Much A Dollar Cost',262,49);
insert into track (id,track_number,name,length,album_id) values (432,12,'Complexion (A Zulu Love)',263,49);
insert into track (id,track_number,name,length,album_id) values (433,13,'The Blacker The Berry',329,49);
insert into track (id,track_number,name,length,album_id) values (434,14,'You Ain''t Gotta Lie (Momma Said)',242,49);
insert into track (id,track_number,name,length,album_id) values (435,15,'i',336,49);
insert into track (id,track_number,name,length,album_id) values (436,16,'Mortal Man',727,49);
insert into album (id,name,year,length,artist_id) values (50,'good kid, m.A.A.d city (Deluxe)',2012,0,10);
insert into track (id,track_number,name,length,album_id) values (437,1,'Sherane a.k.a Master Splinter’s Daughter',274,50);
insert into track (id,track_number,name,length,album_id) values (438,2,'Bitch, Don’t Kill My Vibe',311,50);
insert into track (id,track_number,name,length,album_id) values (439,3,'Backseat Freestyle',213,50);
insert into track (id,track_number,name,length,album_id) values (440,4,'The Art of Peer Pressure',325,50);
insert into track (id,track_number,name,length,album_id) values (441,5,'Money Trees',387,50);
insert into track (id,track_number,name,length,album_id) values (442,6,'Poetic Justice',300,50);
insert into track (id,track_number,name,length,album_id) values (443,7,'good kid',214,50);
insert into track (id,track_number,name,length,album_id) values (444,8,'m.A.A.d city',350,50);
insert into track (id,track_number,name,length,album_id) values (445,9,'Swimming Pools (Drank) - Extended Version',314,50);
insert into track (id,track_number,name,length,album_id) values (446,10,'Sing About Me, I''m Dying Of Thirst',724,50);
insert into track (id,track_number,name,length,album_id) values (447,11,'Real',443,50);
insert into track (id,track_number,name,length,album_id) values (448,12,'Compton',248,50);
insert into artist (id,name,country,start_year,end_year) values (11,'Sons Of Kemet','United Kingdom',2001,null);
insert into album (id,name,year,length,artist_id) values (51,'Black To The Future',2021,3067,11);
insert into track (id,track_number,name,length,album_id) values (449,1,'Field Negus',183,51);
insert into track (id,track_number,name,length,album_id) values (450,2,'Pick Up Your Burning Cross',224,51);
insert into track (id,track_number,name,length,album_id) values (451,3,'Think Of Home',212,51);
insert into track (id,track_number,name,length,album_id) values (452,4,'Hustle',318,51);
insert into track (id,track_number,name,length,album_id) values (453,5,'For The Culture',241,51);
insert into track (id,track_number,name,length,album_id) values (454,6,'To Never Forget The Source',175,51);
insert into track (id,track_number,name,length,album_id) values (455,7,'In Remembrance Of Those Fallen',306,51);
insert into track (id,track_number,name,length,album_id) values (456,8,'Let The Circle Be Unbroken',389,51);
insert into track (id,track_number,name,length,album_id) values (457,9,'Envision Yourself Levitating',503,51);
insert into track (id,track_number,name,length,album_id) values (458,10,'Throughout The Madness, Stay Strong',353,51);
insert into track (id,track_number,name,length,album_id) values (459,11,'Black',163,51);
insert into album (id,name,year,length,artist_id) values (52,'Your Queen Is A Reptile',2018,3314,11);
insert into track (id,track_number,name,length,album_id) values (460,1,'My Queen Is Ada Eastman',400,52);
insert into track (id,track_number,name,length,album_id) values (461,2,'My Queen Is Mamie Phipps Clark',330,52);
insert into track (id,track_number,name,length,album_id) values (462,3,'My Queen Is Harriet Tubman',338,52);
insert into track (id,track_number,name,length,album_id) values (463,4,'My Queen Is Anna Julia Cooper',305,52);
insert into track (id,track_number,name,length,album_id) values (464,5,'My Queen Is Angela Davis',394,52);
insert into track (id,track_number,name,length,album_id) values (465,6,'My Queen Is Nanny Of The Maroons',402,52);
insert into track (id,track_number,name,length,album_id) values (466,7,'My Queen Is Yaa Asantewaa',422,52);
insert into track (id,track_number,name,length,album_id) values (467,8,'My Queen Is Albertina Sisulu',315,52);
insert into track (id,track_number,name,length,album_id) values (468,9,'My Queen Is Doreen Lawrence',408,52);
insert into album (id,name,year,length,artist_id) values (53,'Burn',2013,0,11);
insert into track (id,track_number,name,length,album_id) values (469,1,'All Will Surely Burn',379,53);
insert into track (id,track_number,name,length,album_id) values (470,2,'The Godfather',317,53);
insert into track (id,track_number,name,length,album_id) values (471,3,'Inner Babylon',320,53);
insert into track (id,track_number,name,length,album_id) values (472,4,'The Book of Disquiet',334,53);
insert into track (id,track_number,name,length,album_id) values (473,5,'Going Home',233,53);
insert into track (id,track_number,name,length,album_id) values (474,6,'Adonia''s Lullaby',251,53);
insert into track (id,track_number,name,length,album_id) values (475,7,'Song for Galeano',265,53);
insert into track (id,track_number,name,length,album_id) values (476,8,'Beware',217,53);
insert into track (id,track_number,name,length,album_id) values (477,9,'The It Is',149,53);
insert into track (id,track_number,name,length,album_id) values (478,10,'Rivers of Babylon',518,53);
insert into artist (id,name,country,start_year,end_year) values (12,'Neutral Milk Hotel','USA',1989,2015);
insert into album (id,name,year,length,artist_id) values (54,'In the Aeroplane Over the Sea',1998,2394,12);
insert into track (id,track_number,name,length,album_id) values (479,1,'King of Carrot Flowers Pt. 1',120,54);
insert into track (id,track_number,name,length,album_id) values (480,2,'King of Carrot Flowers Pts. 2 & 3',186,54);
insert into track (id,track_number,name,length,album_id) values (481,3,'In the Aeroplane Over the Sea',202,54);
insert into track (id,track_number,name,length,album_id) values (482,4,'Two-Headed Boy',266,54);
insert into track (id,track_number,name,length,album_id) values (483,5,'The Fool',113,54);
insert into track (id,track_number,name,length,album_id) values (484,6,'Holland, 1945',193,54);
insert into track (id,track_number,name,length,album_id) values (485,7,'Communist Daughter',117,54);
insert into track (id,track_number,name,length,album_id) values (486,8,'Oh Comely',498,54);
insert into track (id,track_number,name,length,album_id) values (487,9,'Ghost',249,54);
insert into track (id,track_number,name,length,album_id) values (488,10,'[untitled]',136,54);
insert into track (id,track_number,name,length,album_id) values (489,11,'Two-Headed Boy Pt. 2',314,54);
insert into album (id,name,year,length,artist_id) values (55,'On Avery Island',1996,0,12);
insert into track (id,track_number,name,length,album_id) values (490,1,'Song Against Sex',221,55);
insert into track (id,track_number,name,length,album_id) values (491,2,'You''ve Passed',174,55);
insert into track (id,track_number,name,length,album_id) values (492,3,'Someone Is Waiting',152,55);
insert into track (id,track_number,name,length,album_id) values (493,4,'A Baby For Pree',81,55);
insert into track (id,track_number,name,length,album_id) values (494,5,'Marching Theme',178,55);
insert into track (id,track_number,name,length,album_id) values (495,6,'Where You''ll Find Me Now',244,55);
insert into track (id,track_number,name,length,album_id) values (496,7,'Avery Island / April 1st',108,55);
insert into track (id,track_number,name,length,album_id) values (497,8,'Gardenhead / Leave Me Alone',194,55);
insert into track (id,track_number,name,length,album_id) values (498,9,'Three Peaches',241,55);
insert into track (id,track_number,name,length,album_id) values (499,10,'Naomi',293,55);
insert into track (id,track_number,name,length,album_id) values (500,11,'April 8th',168,55);
insert into track (id,track_number,name,length,album_id) values (501,12,'Pree-Sisters Swallowing a Donkey''s Eye',830,55);
insert into track (id,track_number,name,length,album_id) values (502,13,'Everything Is…',219,55);
insert into track (id,track_number,name,length,album_id) values (503,14,'Snow Song, Pt. 1',230,55);
